{
    "Modules": {
        "...MASTER...": {
            "start_perf": [
                0.34260106086730957,
                0.041836999999999999,
                0.043351000000000001,
                212428,
                224636,
                1670423984.465111,
                344607643303476
            ],
            "nMops": 0,
            "end_perf": [
                0.35350799560546875,
                0.043019000000000002,
                0.046328000000000001,
                214816,
                224636,
                344607674980372,
                0,
                0
            ],
            "child_modules": {
                "std": 1,
                "test": 1
            },
            "nRouts": 5,
            "nQuads": 0
        },
        "std": {
            "start_perf": [
                0.35358500480651855,
                0.043055999999999997,
                0.046367999999999999,
                214816,
                224636,
                1670423984.476095,
                344607675183145
            ],
            "significant_routs": [
                [
                    24,
                    "F_VCSgd_reYIK_24_0",
                    7911652,
                    990,
                    97
                ]
            ],
            "nMops": 462,
            "Compiled Times": 1,
            "end_perf": [
                0.36472010612487793,
                0.048305000000000001,
                0.048305000000000001,
                218716,
                224636,
                344607707590464,
                8589934594,
                0
            ],
            "child_modules": {},
            "Compiled": "Yes",
            "svclass": [
                "$vcs_nba_dyn_obj",
                385,
                37,
                2,
                2,
                0,
                "sigprop$$",
                385,
                37,
                2,
                2,
                0,
                "process",
                1645,
                184,
                8,
                8,
                0,
                "event",
                462,
                36,
                2,
                2,
                0,
                "mailbox",
                848,
                99,
                9,
                9,
                0,
                "semaphore",
                656,
                69,
                5,
                5,
                0
            ],
            "nRouts": 33,
            "nQuads": 213
        },
        "test": {
            "start_perf": [
                0.3647770881652832,
                0.048334000000000002,
                0.048334000000000002,
                218716,
                224636,
                1670423984.487287,
                344607707686538
            ],
            "nMops": 24,
            "end_perf": [
                0.36654114723205566,
                0.048334000000000002,
                0.049825000000000001,
                218716,
                224636,
                344607712835945,
                12884901889,
                0
            ],
            "Compiled Times": 1,
            "child_modules": {},
            "Compiled": "Yes",
            "nRouts": 9,
            "nQuads": 25
        }
    },
    "reusePaths": {},
    "CompUnits": {
        "amcQw_d": {
            "out": "objs/amcQw_d.o",
            "mod": "...MASTER...",
            "bytes": 7652,
            "text": 434,
            "mode": 4,
            "checksum": 0
        },
        "reYIK_d": {
            "out": "reYIK_d.o",
            "mod": "std",
            "bytes": 33240,
            "archive": "archive.0/_77336_archive_1.a",
            "cls": 4381,
            "text": 4650,
            "mode": 4,
            "checksum": 0
        },
        "x9Hvb_d": {
            "out": "x9Hvb_d.o",
            "mod": "test",
            "bytes": 9190,
            "archive": "archive.0/_77336_archive_1.a",
            "text": 541,
            "mode": 4,
            "checksum": 0
        }
    },
    "stat": {
        "peak_mem_kb": 224636,
        "ru_childs_end": {
            "ru_nivcsw": 3,
            "ru_utime_sec": 0.012623000000000001,
            "ru_nvcsw": 169,
            "ru_minflt": 2991,
            "ru_stime_sec": 0.022863000000000001,
            "ru_maxrss_kb": 103396,
            "ru_majflt": 190
        },
        "ru_self_end": {
            "ru_nivcsw": 2,
            "ru_utime_sec": 0.048781999999999999,
            "ru_nvcsw": 199,
            "ru_minflt": 9483,
            "ru_stime_sec": 0.052345000000000003,
            "ru_maxrss_kb": 110704,
            "ru_majflt": 276
        },
        "cpu_cycles_end": 344607723382711
    },
    "ObjArchives": [
        {
            "archive": "archive.0/_77336_archive_1.a",
            "objects": [
                [
                    "reYIK_d.o",
                    33240
                ],
                [
                    "x9Hvb_d.o",
                    9190
                ],
                [
                    "amcQwB.o",
                    68438
                ]
            ],
            "size": 110868
        }
    ]
}